{"schemaVersion":"1.0","appDefinitionTemplate":{"id":"/providers/Microsoft.PowerApps/apps/","type":"Microsoft.PowerApps/apps","tags":{"primaryDeviceWidth":"640","primaryDeviceHeight":"1136","sienaVersion":"20210202T043622Z-3.20124.20.0","deviceCapabilities":"","supportsPortrait":"true","supportsLandscape":"false","primaryFormFactor":"Phone","publisherVersion":"3.20124.20","minimumRequiredApiVersion":"2.2.0","hasComponent":"false","hasUnlockedComponent":"false","isUnifiedRootApp":"false"},"properties":{"appVersion":"2021-02-02T04:36:22Z","lifeCycleId":"Published","createdByClientVersion":{"major":3,"minor":20124,"build":20,"revision":0,"majorRevision":0,"minorRevision":0},"minClientVersion":{"major":3,"minor":20124,"build":20,"revision":0,"majorRevision":0,"minorRevision":0},"backgroundColor":"rgba(0, 176, 240, 1)","backgroundImageUri":"/92828406703387492/Ne80cf791-a1ce-49d3-979f-4cb98aa13a1b-logoSmallFile","displayName":"Rating-ControlV1","description":"","commitMessage":"","appUris":{"documentUri":{"value":"/92828406703387492/N83dee084-2c23-45c7-846b-30d7ea92328e-document.msapp"},"imageUris":[]},"createdTime":"0001-01-01T00:00:00Z","lastModifiedTime":"0001-01-01T00:00:00Z","sharedGroupsCount":0,"sharedUsersCount":0,"icons":{"smallIconUri":"/92828406703387492/N2253a975-cccd-4ae7-9db5-1cb6cf5e2024-small.png","mediumIconUri":"/92828406703387492/Nce7282d3-e1e0-4977-889f-4f0b5774d3b2-medium.png","largeIconUri":"/92828406703387492/N3005250e-0946-465e-bf02-035d0791645f-large.png","wideIconUri":"/92828406703387492/Na3564420-8652-4598-8897-5148c5e4c735-wide.png"},"connectionReferences":{},"databaseReferences":{},"almMode":"Environment","performanceOptimizationEnabled":true,"canConsumeAppPass":true,"executionRestrictions":{"isTeamsOnly":false,"dataLossPreventionEvaluationResult":{"status":"Compliant","lastEvaluationDate":"2021-02-02T04:31:40.8578976Z","violations":[],"violationsByPolicy":[],"violationErrorMessage":"The app uses the following connectors: ."}}},"isAppComponentLibrary":false,"appType":"ClassicCanvasApp","appComponents":[]}}