{"schemaVersion":"1.0","appDefinitionTemplate":{"id":"/providers/Microsoft.PowerApps/apps/","type":"Microsoft.PowerApps/apps","tags":{"primaryDeviceWidth":"1366","primaryDeviceHeight":"768","sienaVersion":"20210409T151134Z-3.21034.27.0","deviceCapabilities":"","supportsPortrait":"false","supportsLandscape":"true","primaryFormFactor":"Tablet","publisherVersion":"3.21034.27","minimumRequiredApiVersion":"2.2.0","hasComponent":"true","hasUnlockedComponent":"false","isUnifiedRootApp":"false"},"properties":{"appVersion":"2021-04-09T15:11:34Z","lifeCycleId":"Published","createdByClientVersion":{"major":3,"minor":21034,"build":27,"revision":0,"majorRevision":0,"minorRevision":0},"minClientVersion":{"major":3,"minor":21034,"build":27,"revision":0,"majorRevision":0,"minorRevision":0},"backgroundColor":"rgba(251, 101, 60, 1)","backgroundImageUri":"/4758727475269500327/Nfa1cf379-7748-4c79-967f-6a3938d11d73-logoSmallFile","displayName":"MyDocuments","description":"","commitMessage":"","appUris":{"documentUri":{"value":"/4758727475269500327/N2a9133f0-8896-48e8-8f66-8e52e4ab4546-document.msapp"},"imageUris":[],"additionalUris":[]},"createdTime":"0001-01-01T00:00:00Z","lastModifiedTime":"0001-01-01T00:00:00Z","sharedGroupsCount":0,"sharedUsersCount":0,"connectionReferences":{"e290c88d-ef97-41a2-a1c6-7febebca3096":{"id":"b67f338d-1607-4588-871b-f73782b6067f","displayName":"SharePoint","iconUri":"https://connectoricons-prod.azureedge.net/releases/v1.0.1451/1.0.1451.2361/sharepointonline/icon.png","dataSources":["Documents"],"dependencies":[],"dependents":["a91b3d1c-35e1-4043-a9de-5282ef51dbb3"],"parameterHints":{},"isOnPremiseConnection":false,"bypassConsent":false,"dataSets":{"https://deepakdemo.sharepoint.com/":{"dataSources":{"Documents":{"tableName":"604e666c-ca7b-4d1d-bf68-8fd20574d427"}}}},"apiTier":"Standard","isCustomApiConnection":false,"actions":["providers/PowerPlatform.Governance/Operations/Read"]},"a91b3d1c-35e1-4043-a9de-5282ef51dbb3":{"id":"0924eb01-67da-4ef9-8ad4-e8e9e6ec0d6d","displayName":"Logic flows","iconUri":"https://connectoricons-prod.azureedge.net/releases/v1.0.1438/1.0.1438.2324/logicflows/icon.png","dataSources":["UploadFiles"],"dependencies":["e290c88d-ef97-41a2-a1c6-7febebca3096"],"dependents":[],"parameterHints":{"workflowName":{"value":"8b371225-2d5c-4340-b662-e3b8cbe7b271"},"workflowEntityId":{},"e290c88d-ef97-41a2-a1c6-7febebca3096":{"value":"shared_sharepointonline"}},"isOnPremiseConnection":false,"bypassConsent":false,"dataSets":{},"apiTier":"Standard","isCustomApiConnection":false,"actions":["Run"]}},"databaseReferences":{},"almMode":"Environment","performanceOptimizationEnabled":true,"canConsumeAppPass":true,"executionRestrictions":{"isTeamsOnly":false,"dataLossPreventionEvaluationResult":{"status":"Compliant","lastEvaluationDate":"2021-04-04T23:09:44.6465948Z","violationDetails":[]}}},"isAppComponentLibrary":false,"appType":"ClassicCanvasApp","appComponents":[]}}