{"schemaVersion":"1.0","appDefinitionTemplate":{"id":"/providers/Microsoft.PowerApps/apps/","type":"Microsoft.PowerApps/apps","tags":{"primaryDeviceWidth":"1366","primaryDeviceHeight":"768","sienaVersion":"20230312T044851Z-3.23023.21.0","deviceCapabilities":"","supportsPortrait":"true","supportsLandscape":"true","primaryFormFactor":"Tablet","publisherVersion":"3.23023.21","minimumRequiredApiVersion":"2.2.0","hasComponent":"true","hasUnlockedComponent":"false","isUnifiedRootApp":"false"},"properties":{"appVersion":"2023-03-12T04:48:51Z","lifeCycleId":"Published","createdByClientVersion":{"major":3,"minor":23023,"build":21,"revision":0,"majorRevision":0,"minorRevision":0},"minClientVersion":{"major":3,"minor":23023,"build":21,"revision":0,"majorRevision":0,"minorRevision":0},"backgroundColor":"rgba(0, 176, 240, 1)","backgroundImageUri":"/1229382768606827219/N8030e145-bb98-4be6-b8eb-b3d5a134cb88-logoSmallFile","displayName":"Power Apps Gallery Tab","description":"","commitMessage":"","appUris":{"documentUri":{"value":"/1229382768606827219/N554927ed-0e58-4987-87f5-f4643ca913d1-document.msapp"},"imageUris":[],"additionalUris":[]},"createdTime":"0001-01-01T00:00:00Z","lastModifiedTime":"0001-01-01T00:00:00Z","sharedGroupsCount":0,"sharedUsersCount":0,"connectionReferences":{"1a059560-dedf-4559-adfd-df80ddf20b11":{"id":"b67f338d-1607-4588-871b-f73782b6067f","displayName":"SharePoint","iconUri":"https://connectoricons-prod.azureedge.net/u/juanq/gateway/greyhound/3000.150.11/1.0.1613.3116/sharepointonline/icon.png","dataSources":["TestList","Work progress tracker","Documents","PDf Test"],"dependencies":[],"dependents":[],"parameterHints":{},"parameterHintsV2":{},"isOnPremiseConnection":false,"bypassConsent":false,"dataSets":{"https://deepakdemo.sharepoint.com/":{"dataSources":{"TestList":{"tableName":"d2d78249-e87b-487c-9d02-8f6a32d30b62"},"Work progress tracker":{"tableName":"a8b2731c-bcbf-4e2b-b396-d2990d6d232b"},"Documents":{"tableName":"604e666c-ca7b-4d1d-bf68-8fd20574d427"},"PDf Test":{"tableName":"d7ef07f9-5a8c-4365-99c0-47c7c2b05cfa"}}}},"apiTier":"Standard","isCustomApiConnection":false,"actions":["providers/PowerPlatform.Governance/Operations/Read"]},"ee6ff58c-116b-4501-8a31-d46a222c9de8":{"id":"0f82d8c1-ea3c-4a4b-b58a-223211688291","displayName":"Office 365 Users","iconUri":"https://connectoricons-prod.azureedge.net/releases/v1.0.1618/1.0.1618.3179/office365users/icon.png","dataSources":["Office365Users"],"dependencies":[],"dependents":[],"parameterHints":{},"parameterHintsV2":{},"isOnPremiseConnection":false,"bypassConsent":false,"dataSets":{},"apiTier":"Standard","isCustomApiConnection":false},"4a53ac59-6f2e-42f6-bd05-f0deeefc5b34":{"id":"6f40dca6-2e8b-41c2-bf6c-05529e02a1d3","displayName":"Office 365 Outlook","iconUri":"https://connectoricons-prod.azureedge.net/releases/v1.0.1618/1.0.1618.3179/office365/icon.png","dataSources":["Office365Outlook"],"dependencies":[],"dependents":[],"parameterHints":{},"parameterHintsV2":{},"isOnPremiseConnection":false,"bypassConsent":false,"dataSets":{},"apiTier":"Standard","isCustomApiConnection":false},"f226db9c-6ff0-49e6-a1c2-77ea055adbad":{"id":"cfc3ae29-5115-4305-8916-a8f7b44a35ff","displayName":"Face API","iconUri":"https://connectoricons-prod.azureedge.net/releases/v1.0.1551/1.0.1551.2693/faceapi/icon.png","dataSources":["FaceAPI"],"dependencies":[],"dependents":[],"parameterHints":{},"parameterHintsV2":{},"isOnPremiseConnection":false,"sharedConnectionId":"0e465964-0dbd-4e39-b208-16c41d6cfeac","bypassConsent":false,"dataSets":{},"apiTier":"Standard","isCustomApiConnection":false},"5d7b35a0-66f0-4472-9d1e-33172e5e6d34":{"id":"0ef1e783-c893-4ef5-a641-bbd2298b951b","displayName":"Approvals","iconUri":"https://connectoricons-prod.azureedge.net/releases/v1.0.1623/1.0.1623.3209/approvals/icon.png","dataSources":["Approvals"],"dependencies":[],"dependents":[],"parameterHints":{},"parameterHintsV2":{},"isOnPremiseConnection":false,"bypassConsent":false,"dataSets":{},"apiTier":"Standard","isCustomApiConnection":false}},"databaseReferences":{},"almMode":"Environment","performanceOptimizationEnabled":true,"canConsumeAppPass":true,"enableModernRuntimeMode":false,"executionRestrictions":{"isTeamsOnly":false,"dataLossPreventionEvaluationResult":{"status":"Compliant","lastEvaluationDate":"2022-03-04T19:48:26.4138523Z","violations":[],"violationsByPolicy":[],"violationErrorMessage":"The app uses the following connectors: shared_sharepointonline, shared_office365users, shared_office365, shared_faceapi, shared_approvals."}}},"appType":"ClassicCanvasApp","appComponents":[]}}