{"schemaVersion":"1.0","appDefinitionTemplate":{"id":"/providers/Microsoft.PowerApps/apps/","type":"Microsoft.PowerApps/apps","tags":{"primaryDeviceWidth":"1136","primaryDeviceHeight":"640","supportsPortrait":"true","supportsLandscape":"true","primaryFormFactor":"Phone","publisherVersion":"3.22064.18","minimumRequiredApiVersion":"2.2.0","hasComponent":"true","hasUnlockedComponent":"false","isUnifiedRootApp":"false","sienaVersion":"20220720T224147Z-3.22064.18.0"},"properties":{"appVersion":"2022-07-20T22:41:47Z","lifeCycleId":"Published","createdByClientVersion":{"major":3,"minor":22064,"build":18,"revision":0,"majorRevision":0,"minorRevision":0},"minClientVersion":{"major":3,"minor":22064,"build":18,"revision":0,"majorRevision":0,"minorRevision":0},"backgroundColor":"RGBA(0,176,240,1)","backgroundImageUri":"/7317903283845445305/N93253e70-20f5-4cee-ad1c-46b91b41836e-logoSmallFile","displayName":"SharePointPermissionAPP","description":"","commitMessage":"","appUris":{"documentUri":{"value":"/7317903283845445305/N07fa3773-8142-4ec3-aa0e-2f23521a4f52-document.msapp"},"imageUris":[],"additionalUris":[]},"createdTime":"0001-01-01T00:00:00Z","lastModifiedTime":"0001-01-01T00:00:00Z","sharedGroupsCount":0,"sharedUsersCount":0,"connectionReferences":{"d1b6daa1-f792-4d9a-ae80-d03dd340d30c":{"id":"0f82d8c1-ea3c-4a4b-b58a-223211688291","displayName":"Office 365 Users","iconUri":"https://connectoricons-prod.azureedge.net/releases/v1.0.1587/1.0.1587.2924/office365users/icon.png","dataSources":["Office365Users"],"dependencies":[],"dependents":[],"parameterHints":{},"parameterHintsV2":{},"isOnPremiseConnection":false,"bypassConsent":false,"dataSets":{},"apiTier":"Standard","isCustomApiConnection":false},"38daa1ed-f8c4-4c48-bf11-f4c2bc80bf83":{"id":"4e54b076-083d-4e42-a66e-8c60315e48f3","displayName":"Office 365 Groups","iconUri":"https://connectoricons-prod.azureedge.net/releases/v1.0.1563/1.0.1563.2732/office365groups/icon.png","dataSources":["Office365Groups"],"dependencies":[],"dependents":[],"parameterHints":{},"parameterHintsV2":{},"isOnPremiseConnection":false,"bypassConsent":false,"dataSets":{},"apiTier":"Standard","isCustomApiConnection":false},"46e76f28-4bf2-4fee-b91a-fab46912de10":{"id":"0924eb01-67da-4ef9-8ad4-e8e9e6ec0d6d","displayName":"Logic flows","iconUri":"https://connectoricons-prod.azureedge.net/releases/v1.0.1534/1.0.1534.2605/logicflows/icon.png","dataSources":["SPPermissionFlow"],"dependencies":["b470f221-89ad-4d9f-b2fc-4278b2f1a87a"],"dependents":[],"parameterHints":{"workflowName":{"value":"fae36aec-f168-45c7-b9f8-7af1d7d7ed12"},"workflowEntityId":{},"b470f221-89ad-4d9f-b2fc-4278b2f1a87a":{"value":"shared_sharepointonline"}},"parameterHintsV2":{"workflowName":{"value":"fae36aec-f168-45c7-b9f8-7af1d7d7ed12"},"workflowEntityId":{},"shared_sharepointonline":{"value":"b470f221-89ad-4d9f-b2fc-4278b2f1a87a"}},"isOnPremiseConnection":false,"bypassConsent":false,"dataSets":{},"apiTier":"Standard","isCustomApiConnection":false,"actions":["Run"],"nestedActions":[{"id":"/providers/Microsoft.PowerApps/apis/shared_sharepointonline/apiOperations/HttpRequest","apiName":"SharePoint","actionName":"HttpRequest","referencedResources":[{"key":"site","value":"https://deepakdemo.sharepoint.com"}]}]},"b470f221-89ad-4d9f-b2fc-4278b2f1a87a":{"id":"b67f338d-1607-4588-871b-f73782b6067f","displayName":"SharePoint","iconUri":"https://connectoricons-prod.azureedge.net/releases/v1.0.1588/1.0.1588.2938/sharepointonline/icon.png","dataSources":[],"dependencies":[],"dependents":["46e76f28-4bf2-4fee-b91a-fab46912de10"],"parameterHints":{},"parameterHintsV2":{},"isOnPremiseConnection":false,"bypassConsent":false,"dataSets":{},"apiTier":"Standard","isCustomApiConnection":false}},"databaseReferences":{},"almMode":"Environment","performanceOptimizationEnabled":true,"canConsumeAppPass":true,"executionRestrictions":{"isTeamsOnly":false,"dataLossPreventionEvaluationResult":{"status":"Compliant","lastEvaluationDate":"2022-07-20T22:42:07.9677733Z","violations":[],"violationsByPolicy":[],"violationErrorMessage":"The app uses the following connectors: shared_office365users, shared_office365groups, shared_logicflows, shared_sharepointonline."},"httpActionRestriction":{"appUsesSharepointHttpAction":true,"enforcementStrategy":"Legacy","evaluationTime":"2022-07-20T22:42:07.96769Z"}}},"appType":"ClassicCanvasApp","appComponents":[]}}