{"name":"8c7212a5-eeac-4b3b-89cf-3874676c8afc","id":"/providers/Microsoft.Flow/flows/8c7212a5-eeac-4b3b-89cf-3874676c8afc","type":"Microsoft.Flow/flows","properties":{"apiId":"/providers/Microsoft.PowerApps/apis/shared_logicflows","displayName":"Task Summary Reminder","definition":{"metadata":{"workflowEntityId":null,"processAdvisorMetadata":null,"flowclientsuspensionreason":"None","flowclientsuspensiontime":null,"flowclientsuspensionreasondetails":null,"creator":{"id":"bb78b6cb-1737-4234-a136-b51f910f7279","type":"User","tenantId":"dfbc606c-719f-4d07-8482-3261e955e3a2"},"provisioningMethod":"FromDefinition","failureAlertSubscription":true,"clientLastModifiedTime":"2022-12-31T20:23:41.1905851Z"},"$schema":"https://schema.management.azure.com/providers/Microsoft.Logic/schemas/2016-06-01/workflowdefinition.json#","contentVersion":"1.0.0.0","parameters":{"$connections":{"defaultValue":{},"type":"Object"},"$authentication":{"defaultValue":{},"type":"SecureObject"}},"triggers":{"Recurrence":{"recurrence":{"frequency":"Week","interval":1,"timeZone":"Central America Standard Time","schedule":{"weekDays":["Sunday"],"hours":["12"]}},"metadata":{"operationMetadataId":"dd60d313-b113-40f7-a2bc-e84553cf954d"},"type":"Recurrence","conditions":[]}},"actions":{"Get_All_Tasks":{"runAfter":{},"metadata":{"operationMetadataId":"705a378c-e48f-4726-b46b-62533aef10f2"},"type":"OpenApiConnection","inputs":{"host":{"apiId":"/providers/Microsoft.PowerApps/apis/shared_sharepointonline","connectionName":"shared_sharepointonline_2","operationId":"GetItems"},"parameters":{"dataset":"https://deepakdemo.sharepoint.com","table":"a8b2731c-bcbf-4e2b-b396-d2990d6d232b","$filter":"Progress ne 'Completed'","$orderby":"DueDate"},"authentication":"@parameters('$authentication')"},"runtimeConfiguration":{"paginationPolicy":{"minimumItemCount":5000}}},"AssignedToUsers":{"runAfter":{"Get_All_Tasks":["Succeeded"]},"metadata":{"operationMetadataId":"2916bf60-8dcb-4094-a6e6-32377f29e5e3"},"type":"Select","inputs":{"from":"@outputs('Get_All_Tasks')?['body/value']","select":{"User":"@if(equals(item()['AssignedTo'],''),'',item()['AssignedTo'])"}}},"UniqueUsers":{"runAfter":{"AssignedToUsers":["Succeeded"]},"metadata":{"operationMetadataId":"48f8f782-c645-47a8-b9d0-afa1f0709113"},"type":"Compose","inputs":"@union(body('AssignedToUsers'),body('AssignedToUsers'))"},"Apply_to_each_User":{"foreach":"@outputs('UniqueUsers')","actions":{"Filter_Task_for_User":{"runAfter":{},"metadata":{"operationMetadataId":"eaa81d41-1dcc-41eb-ae05-2b7c37d1397a"},"type":"Query","inputs":{"from":"@outputs('Get_All_Tasks')?['body/value']","where":"@equals(item()?['AssignedTo']['Email'], items('Apply_to_each_User')?['User']?['Email'])"}},"Send_an_email_(V2)":{"runAfter":{"Append_to_string_variable_2":["Succeeded"]},"metadata":{"operationMetadataId":"509ff5c6-4880-422c-b064-79421351f65e"},"type":"OpenApiConnection","inputs":{"host":{"apiId":"/providers/Microsoft.PowerApps/apis/shared_office365","connectionName":"shared_office365","operationId":"SendEmailV2"},"parameters":{"emailMessage/To":"@items('Apply_to_each_User')?['User']?['Email']","emailMessage/Subject":"Tasks Calendar Summary","emailMessage/Body":"<p>Hello @{items('Apply_to_each_User')?['User']?['DisplayName']},<br>\n<br>\nThe following Tasks have been assigned to you with the corresponding due dates. Please click the links below to review the details for your tasks.<br>\nPast Due tasks are highlighted in yellow.<br>\n<br>\n<br>\n@{outputs('EmailCSSTest')}@{variables('varEmailHtml')}<br>\n<br>\nFor questions, please contact Admin<br>\nRegards,<br>\nAdmin</p>"},"authentication":"@parameters('$authentication')"}},"ForEachTask":{"foreach":"@body('Filter_Task_for_User')","actions":{"Append_to_string_variable":{"runAfter":{},"metadata":{"operationMetadataId":"842db1dc-d76e-42c6-b15e-e3e0947e50ac"},"type":"AppendToStringVariable","inputs":{"name":"varEmailHtml","value":"<tr  @{if(greater(utcNow(),items('ForEachTask')?['DueDate']),' style=\"background-color:#fcff33\"','')} >\n<td>@{concat('<a href=\"', item()?['{Link}'], '\">',item()?['Title'],'</a>')}</td>\n<td >@{items('ForEachTask')?['Description']}</td>\n<td >@{items('ForEachTask')?['Category']?['Value']}</td>\n<td >@{items('ForEachTask')?['Priority']?['Value']}</td>\n<td >@{items('ForEachTask')?['ProjectRefeence']?['Value']}</td>\n <td >@{items('ForEachTask')?['DueDate']}</td>\n<td >@{items('ForEachTask')?['Progress']?['Value']}</td>\n\n</tr>"}}},"runAfter":{"Set_variable":["Succeeded"]},"metadata":{"operationMetadataId":"bf6559b5-bea9-461b-abbd-af472f6a1a47"},"type":"Foreach"},"Append_to_string_variable_2":{"runAfter":{"Compose":["Succeeded"]},"metadata":{"operationMetadataId":"87b3593f-2696-4517-b0d5-1e2960d9b9d2"},"type":"AppendToStringVariable","inputs":{"name":"varEmailHtml","value":"</table>"}},"Set_variable":{"runAfter":{"Filter_Task_for_User":["Succeeded"]},"metadata":{"operationMetadataId":"f098a9e5-0db4-49bf-860b-053b14f1983e"},"type":"SetVariable","inputs":{"name":"varEmailHtml","value":"<table id='Tasks' >\n   <thead >\n     <th >Title</th>\n     <th >Description</th>\n     <th >Category</th>\n     <th >Priority</th>\n     <th >ProjectRefeence</th>\n     <th >DueDate</th>\n     <th >Status</th>\n   </thead>"}},"Compose":{"runAfter":{"ForEachTask":["Succeeded"]},"metadata":{"operationMetadataId":"a351dd9e-b003-4c2b-9319-864d3419ddd5"},"type":"Compose","inputs":"if(greater(utcNow(),items('ForEachTask')?['DueDate']),' style=\"background-color:#fcff33\"','')"},"Post_message_in_a_chat_or_channel":{"runAfter":{"Send_an_email_(V2)":["Succeeded"]},"metadata":{"operationMetadataId":"be8c5c1d-a50e-456c-9996-d03e5cf01e15"},"type":"OpenApiConnection","inputs":{"host":{"apiId":"/providers/Microsoft.PowerApps/apis/shared_teams","connectionName":"shared_teams","operationId":"PostMessageToConversation"},"parameters":{"poster":"Flow bot","location":"Chat with Flow bot","body/recipient":"@{items('Apply_to_each_User')?['User']?['Email']};","body/messageBody":"<p>@{outputs('EmailCSSTest')}@{variables('varEmailHtml')}</p>"},"authentication":"@parameters('$authentication')"}}},"runAfter":{"Initialize_variable":["Succeeded"]},"metadata":{"operationMetadataId":"da982dab-c6c2-4561-9452-03e173ec0f3c"},"type":"Foreach"},"EmailCSS":{"runAfter":{"EmailCSSTest":["Succeeded"]},"metadata":{"operationMetadataId":"92708272-2604-4596-9eaf-5eae30579aa1"},"type":"Compose","inputs":"<style>\ntable {\n\tborder: 1px solid #1C6EA4;\n\tbackground-color: #EEEEEE;\n\twidth: 100%;\n\ttext-align: left;\n\tborder-collapse: collapse;\n}\ntable td, table th {\n  border: 1px solid #AAAAAA;\n  padding: 3px 2px;\n}\ntable tbody td {\n  font-size: 13px;\n}\ntable thead {\n  background: #0078D4;\n  border-bottom: 2px solid #444444;\n}\ntable thead th {\n  font-size: 15px;\n  font-weight: bold;\n  color: #FFFFFF;\n  border-left: 2px solid #D0E4F5;\n}\ntable thead th:first-child {\n  border-left: none;\n}\n</style>"},"Initialize_variable":{"runAfter":{"EmailCSS":["Succeeded"]},"metadata":{"operationMetadataId":"3594dcc7-6c88-48a4-a1b2-218be067debb"},"type":"InitializeVariable","inputs":{"variables":[{"name":"varEmailHtml","type":"string","value":"<table id='Tasks' >\n   <thead >\n     <th >Title</th>\n     <th >Description</th>\n     <th >Category</th>\n     <th >Priority</th>\n     <th >ProjectRefeence</th>\n     <th >DueDate</th>\n     <th >Status</th>\n   </thead>"}]}},"EmailCSSTest":{"runAfter":{"UniqueUsers":["Succeeded"]},"metadata":{"operationMetadataId":"92708272-2604-4596-9eaf-5eae30579aa1"},"type":"Compose","inputs":"<style>\n#Tasks{\n  font-family: Arial, Helvetica, sans-serif;\n  border-collapse: collapse;\n  width: 100%;\n}\n\n#Tasks td, #Tasks th {\n  border: 1px solid #ddd;\n  padding: 8px;\n}\n\n#Tasks tr:nth-child(even){background-color: #f2f2f2;}\n\n#Tasks tr:hover {background-color: #ddd;}\n\n#Tasks th {\n  padding-top: 12px;\n  padding-bottom: 12px;\n  text-align: left;\n  background-color: #04AA6D;\n  color: white;\n}\n</style>"}}},"connectionReferences":{"shared_sharepointonline_2":{"connectionName":"shared-sharepointonl-79f8c124-2c4b-4116-bc22-e02c-44e5fc98","source":"Embedded","id":"/providers/Microsoft.PowerApps/apis/shared_sharepointonline","tier":"NotSpecified"},"shared_office365":{"connectionName":"f59009dbcd984fedacd5c7161b0597fe","source":"Embedded","id":"/providers/Microsoft.PowerApps/apis/shared_office365","tier":"NotSpecified"},"shared_teams":{"connectionName":"shared-teams-5c7e061b-0ece-49dd-ab87-e7b5-1f9c123e","source":"Embedded","id":"/providers/Microsoft.PowerApps/apis/shared_teams","tier":"NotSpecified"}},"flowFailureAlertSubscribed":false,"isManaged":false}}