{"schemaVersion":"1.0","appDefinitionTemplate":{"id":"/providers/Microsoft.PowerApps/apps/","type":"Microsoft.PowerApps/apps","tags":{"primaryDeviceWidth":"1366","primaryDeviceHeight":"768","sienaVersion":"20201121T034705Z-3.20111.51.0","deviceCapabilities":"","supportsPortrait":"false","supportsLandscape":"true","primaryFormFactor":"Tablet","publisherVersion":"3.20111.51","minimumRequiredApiVersion":"2.2.0","hasComponent":"false","hasUnlockedComponent":"false","isUnifiedRootApp":"false"},"properties":{"appVersion":"2020-11-21T03:47:05Z","lifeCycleId":"Published","createdByClientVersion":{"major":3,"minor":20111,"build":51,"revision":0,"majorRevision":0,"minorRevision":0},"minClientVersion":{"major":3,"minor":20111,"build":51,"revision":0,"majorRevision":0,"minorRevision":0},"backgroundColor":"rgba(0, 176, 240, 1)","backgroundImageUri":"/12988346244874274728/N9ca54582-678b-4cae-b74c-9a9e96541a71-logoSmallFile","displayName":"Kids Puzzle App","description":"","commitMessage":"","appUris":{"documentUri":{"value":"/12988346244874274728/N01be7705-068d-4133-a6f4-cc8d75f84956-document.msapp"},"imageUris":[]},"createdTime":"0001-01-01T00:00:00Z","lastModifiedTime":"0001-01-01T00:00:00Z","sharedGroupsCount":0,"sharedUsersCount":0,"icons":{"smallIconUri":"/12988346244874274728/N9cd9f283-f93f-4845-84ca-c3d22e256c3d-small.png","mediumIconUri":"/12988346244874274728/N36478017-2993-4637-b5ad-0247c9e5c752-medium.png","largeIconUri":"/12988346244874274728/Nb3bb7a07-bd01-48dd-b3e4-0acc9f1dcafe-large.png","wideIconUri":"/12988346244874274728/N84c99da0-5cfd-4549-a5b9-a1cb9cfb3f21-wide.png"},"connectionReferences":{},"databaseReferences":{},"almMode":"Environment","performanceOptimizationEnabled":true,"canConsumeAppPass":true,"executionRestrictions":{"isTeamsOnly":false,"dataLossPreventionEvaluationResult":{"status":"Compliant","lastEvaluationDate":"2020-11-01T14:48:21.2254346Z","violationDetails":[]}}},"isAppComponentLibrary":false,"appType":"ClassicCanvasApp","appComponents":[]}}