{"schemaVersion":"1.0","appDefinitionTemplate":{"id":"/providers/Microsoft.PowerApps/apps/","type":"Microsoft.PowerApps/apps","tags":{"primaryDeviceWidth":"640","primaryDeviceHeight":"1136","sienaVersion":"20210531T184417Z-3.21052.17.0","deviceCapabilities":"","supportsPortrait":"true","supportsLandscape":"false","primaryFormFactor":"Phone","publisherVersion":"3.21052.17","minimumRequiredApiVersion":"2.2.0","hasComponent":"false","hasUnlockedComponent":"false","isUnifiedRootApp":"false"},"properties":{"appVersion":"2021-05-31T18:44:17Z","lifeCycleId":"Published","createdByClientVersion":{"major":3,"minor":21052,"build":17,"revision":0,"majorRevision":0,"minorRevision":0},"minClientVersion":{"major":3,"minor":21052,"build":17,"revision":0,"majorRevision":0,"minorRevision":0},"backgroundColor":"rgba(0, 176, 240, 1)","backgroundImageUri":"/640052188509905472/Ne938835e-4205-43e6-9491-217442b73f0f-logoSmallFile","displayName":"WorkProgressTracker-Accordian","description":"","commitMessage":"","appUris":{"documentUri":{"value":"/640052188509905472/Ne5c2a62a-9735-4a98-9ac4-762c9559b8bc-document.msapp"},"imageUris":[],"additionalUris":[]},"createdTime":"0001-01-01T00:00:00Z","lastModifiedTime":"0001-01-01T00:00:00Z","sharedGroupsCount":0,"sharedUsersCount":0,"connectionReferences":{"27f4d2a4-4d5d-40bb-a5c3-0fc5ec1d5573":{"id":"b67f338d-1607-4588-871b-f73782b6067f","displayName":"SharePoint","iconUri":"https://connectoricons-prod.azureedge.net/releases/v1.0.1472/1.0.1472.2427/sharepointonline/icon.png","dataSources":["Work progress tracker","Issue tracker","Work Progress Documents"],"dependencies":[],"dependents":[],"parameterHints":{},"isOnPremiseConnection":false,"bypassConsent":false,"dataSets":{"https://deepakdemo.sharepoint.com/":{"dataSources":{"Work progress tracker":{"tableName":"a8b2731c-bcbf-4e2b-b396-d2990d6d232b"},"Issue tracker":{"tableName":"09bccc14-0c61-4644-9972-d8917da5c3d7"},"Work Progress Documents":{"tableName":"9b60619e-047b-4f02-b790-077a3a47fc7f"}}}},"apiTier":"Standard","isCustomApiConnection":false,"actions":["providers/PowerPlatform.Governance/Operations/Read","providers/PowerPlatform.Governance/Operations/Write"]}},"databaseReferences":{},"almMode":"Environment","performanceOptimizationEnabled":true,"canConsumeAppPass":true,"executionRestrictions":{"isTeamsOnly":false,"dataLossPreventionEvaluationResult":{"status":"Compliant","lastEvaluationDate":"2021-05-18T18:55:59.3015382Z","violations":[],"violationsByPolicy":[],"violationErrorMessage":"The app uses the following connectors: ."}}},"appType":"ClassicCanvasApp","appComponents":[]}}