{"schemaVersion":"1.0","appDefinitionTemplate":{"id":"/providers/Microsoft.PowerApps/apps/","type":"Microsoft.PowerApps/apps","tags":{"primaryDeviceWidth":"1366","primaryDeviceHeight":"768","supportsPortrait":"true","supportsLandscape":"true","primaryFormFactor":"Tablet","publisherVersion":"3.22043.27","minimumRequiredApiVersion":"2.2.0","hasComponent":"true","hasUnlockedComponent":"true","isUnifiedRootApp":"false","sienaVersion":"20220509T154617Z-3.22043.27.0"},"properties":{"appVersion":"2022-05-09T15:46:17Z","lifeCycleId":"Published","createdByClientVersion":{"major":3,"minor":22043,"build":27,"revision":0,"majorRevision":0,"minorRevision":0},"minClientVersion":{"major":3,"minor":22043,"build":27,"revision":0,"majorRevision":0,"minorRevision":0},"backgroundColor":"RGBA(0,176,240,1)","backgroundImageUri":"/11758593021786100857/N69b21487-f395-402e-82c3-4df73e82e134-logoSmallFile","displayName":"Paginated Gallery","description":"","commitMessage":"","appUris":{"documentUri":{"value":"/11758593021786100857/N83e85ef4-00ee-47aa-811b-48fa13673eaa-document.msapp"},"imageUris":[],"additionalUris":[]},"createdTime":"0001-01-01T00:00:00Z","lastModifiedTime":"0001-01-01T00:00:00Z","sharedGroupsCount":0,"sharedUsersCount":0,"connectionReferences":{"9c9c42e0-970e-4d48-8147-af2679d254d2":{"id":"b67f338d-1607-4588-871b-f73782b6067f","displayName":"SharePoint","iconUri":"https://connectoricons-prod.azureedge.net/releases/v1.0.1568/1.0.1568.2757/sharepointonline/icon.png","dataSources":["Travel requests"],"dependencies":[],"dependents":["efed3ce5-2581-4b63-90b2-03a447c33bf2"],"parameterHints":{},"parameterHintsV2":{},"isOnPremiseConnection":false,"bypassConsent":false,"dataSets":{"https://deepakdemo.sharepoint.com/":{"dataSources":{"Travel requests":{"tableName":"05840ddb-2a71-4c08-b2ab-aea67ef6eb02"}}}},"apiTier":"Standard","isCustomApiConnection":false,"actions":["providers/PowerPlatform.Governance/Operations/Read","providers/PowerPlatform.Governance/Operations/Write"]},"efed3ce5-2581-4b63-90b2-03a447c33bf2":{"id":"0924eb01-67da-4ef9-8ad4-e8e9e6ec0d6d","displayName":"Logic flows","iconUri":"https://connectoricons-prod.azureedge.net/releases/v1.0.1534/1.0.1534.2605/logicflows/icon.png","dataSources":["GetItemCount"],"dependencies":["9c9c42e0-970e-4d48-8147-af2679d254d2"],"dependents":[],"parameterHints":{"workflowName":{"value":"b8b81d4f-9f3c-4bd2-afd6-5d8fe2dc6212"},"workflowEntityId":{},"9c9c42e0-970e-4d48-8147-af2679d254d2":{"value":"shared_sharepointonline"}},"parameterHintsV2":{"workflowName":{"value":"b8b81d4f-9f3c-4bd2-afd6-5d8fe2dc6212"},"workflowEntityId":{},"shared_sharepointonline":{"value":"9c9c42e0-970e-4d48-8147-af2679d254d2"}},"isOnPremiseConnection":false,"bypassConsent":false,"dataSets":{},"apiTier":"Standard","isCustomApiConnection":false,"actions":["Run"],"nestedActions":[{"id":"/providers/Microsoft.PowerApps/apis/shared_sharepointonline/apiOperations/GetItems","apiName":"SharePoint","actionName":"GetItems","referencedResources":[{"key":"site","value":"https://deepakdemo.sharepoint.com"},{"key":"list","value":"[DYNAMIC_VALUE]"}]},{"id":"/providers/Microsoft.PowerApps/apis/shared_sharepointonline/apiOperations/HttpRequest","apiName":"SharePoint","actionName":"HttpRequest","referencedResources":[{"key":"site","value":"https://deepakdemo.sharepoint.com"}]}]}},"databaseReferences":{},"almMode":"Environment","performanceOptimizationEnabled":true,"canConsumeAppPass":true,"executionRestrictions":{"isTeamsOnly":false,"dataLossPreventionEvaluationResult":{"status":"Compliant","lastEvaluationDate":"2022-05-09T15:46:36.7465878Z","violations":[],"violationsByPolicy":[],"violationErrorMessage":"The app uses the following connectors: shared_sharepointonline, shared_logicflows."},"httpActionRestriction":{"appUsesSharepointHttpAction":true,"enforcementStrategy":"Legacy","evaluationTime":"2022-05-09T15:46:36.7465878Z"}}},"appType":"ClassicCanvasApp","appComponents":[]}}