{"schemaVersion":"1.0","appDefinitionTemplate":{"id":"/providers/Microsoft.PowerApps/apps/","type":"Microsoft.PowerApps/apps","tags":{"primaryDeviceWidth":"640","primaryDeviceHeight":"1136","sienaVersion":"20200710T161749Z-3.20063.13.0","deviceCapabilities":"","supportsPortrait":"true","supportsLandscape":"true","primaryFormFactor":"Phone","publisherVersion":"3.20063.13","minimumRequiredApiVersion":"2.2.0","hasComponent":"false","hasUnlockedComponent":"false","isUnifiedRootApp":"false"},"properties":{"appVersion":"2020-07-10T16:17:49Z","lifeCycleId":"Published","createdByClientVersion":{"major":3,"minor":20063,"build":13,"revision":0,"majorRevision":0,"minorRevision":0},"minClientVersion":{"major":3,"minor":20063,"build":13,"revision":0,"majorRevision":0,"minorRevision":0},"backgroundColor":"rgba(81, 92, 107, 1)","backgroundImageUri":"/14704259593137625624/N2b67cc00-03c5-4180-a9ea-cbdf6841fe79-logoSmallFile","displayName":"Power Ludo","description":"","commitMessage":"","appUris":{"documentUri":{"value":"/14704259593137625624/Nf14a6ed3-ecd6-4149-befc-a7ac00a8220d-document.msapp","readonlyValue":"/14704259593137625624/Nf14a6ed3-ecd6-4149-befc-a7ac00a8220d-document.msapp"},"imageUris":[]},"createdTime":"0001-01-01T00:00:00Z","lastModifiedTime":"0001-01-01T00:00:00Z","sharedGroupsCount":0,"sharedUsersCount":0,"icons":{"smallIconUri":"/14704259593137625624/Nd3a8e708-3708-45bb-9483-47fb7e378d39-small.png","mediumIconUri":"/14704259593137625624/N15d3ab0a-7a1a-49a2-b9f9-768058f80f2f-medium.png","largeIconUri":"/14704259593137625624/Nc9d5bf4a-7694-4ee6-bb75-7098980433bc-large.png","wideIconUri":"/14704259593137625624/N8c7c1ed4-bdc9-410d-9f3b-d83cb5bc079b-wide.png"},"connectionReferences":{},"databaseReferences":{},"almMode":"Environment","performanceOptimizationEnabled":true,"canConsumeAppPass":true},"isAppComponentLibrary":false,"appType":"ClassicCanvasApp","appComponents":[]}}