{"name":"b3a92192-b3ab-4078-ba3e-789defedbabb","id":"/providers/Microsoft.Flow/flows/b3a92192-b3ab-4078-ba3e-789defedbabb","type":"Microsoft.Flow/flows","properties":{"apiId":"/providers/Microsoft.PowerApps/apis/shared_logicflows","displayName":"GetSPListItems","definition":{"metadata":{"workflowEntityId":null,"processAdvisorMetadata":null,"flowChargedByPaygo":null,"flowclientsuspensionreason":"None","flowclientsuspensiontime":null,"flowclientsuspensionreasondetails":null,"creator":{"id":"bb78b6cb-1737-4234-a136-b51f910f7279","type":"User","tenantId":"dfbc606c-719f-4d07-8482-3261e955e3a2"},"provisioningMethod":"FromDefinition","failureAlertSubscription":true,"clientLastModifiedTime":"2024-03-17T19:17:18.9298495Z","connectionKeySavedTimeKey":"2024-03-17T19:17:18.9298495Z"},"$schema":"https://schema.management.azure.com/providers/Microsoft.Logic/schemas/2016-06-01/workflowdefinition.json#","contentVersion":"1.0.0.0","parameters":{"$connections":{"defaultValue":{},"type":"Object"},"$authentication":{"defaultValue":{},"type":"SecureObject"}},"triggers":{"manual":{"metadata":{"operationMetadataId":"156651d2-58c4-41ba-82a1-8641e8afef99"},"type":"Request","kind":"PowerAppV2","inputs":{"schema":{"type":"object","properties":{"text":{"title":"PageSize","type":"string","x-ms-dynamically-added":true,"description":"Please enter your input","x-ms-content-hint":"TEXT"},"text_1":{"title":"StartItemID","type":"string","x-ms-dynamically-added":true,"description":"Please enter your input","x-ms-content-hint":"TEXT"}},"required":["text","text_1"]}}}},"actions":{"GetCount":{"runAfter":{},"metadata":{"operationMetadataId":"186568a5-7ba1-4eda-a560-9b8adbb28a33"},"type":"OpenApiConnection","inputs":{"host":{"apiId":"/providers/Microsoft.PowerApps/apis/shared_sharepointonline","connectionName":"shared_sharepointonline","operationId":"HttpRequest"},"parameters":{"dataset":"https://deepakdemo.sharepoint.com","parameters/method":"GET","parameters/uri":"_api/web/lists/GetByTitle('Travel requests')"},"authentication":{"value":"@json(decodeBase64(triggerOutputs().headers['X-MS-APIM-Tokens']))['$ConnectionKey']","type":"Raw"}}},"Respond_to_a_PowerApp_or_flow":{"runAfter":{"Get_items":["Succeeded"]},"metadata":{"operationMetadataId":"59391f39-5f80-4b3b-adad-51418404c70c"},"type":"Response","kind":"PowerApp","inputs":{"statusCode":200,"body":{"response":"@{body('Get_items')}","totalitems":"@{body('GetCount')?['d']?['ItemCount']}"},"schema":{"type":"object","properties":{"response":{"title":"Response","x-ms-dynamically-added":true,"type":"string"},"totalitems":{"title":"totalitems","x-ms-dynamically-added":true,"type":"string"}}}}},"Get_items":{"runAfter":{"GetCount":["Succeeded"]},"metadata":{"operationMetadataId":"d2f2f513-0b6b-4381-9fd0-ea95e8823152"},"type":"OpenApiConnection","inputs":{"host":{"apiId":"/providers/Microsoft.PowerApps/apis/shared_sharepointonline","connectionName":"shared_sharepointonline","operationId":"GetItems"},"parameters":{"dataset":"https://deepakdemo.sharepoint.com/","table":"05840ddb-2a71-4c08-b2ab-aea67ef6eb02","$filter":"ID gt @{triggerBody()['text_1']}","$top":"@triggerBody()['text']"},"authentication":{"value":"@json(decodeBase64(triggerOutputs().headers['X-MS-APIM-Tokens']))['$ConnectionKey']","type":"Raw"}}}}},"connectionReferences":{"shared_sharepointonline":{"connectionName":"2ddff138b99c416da7e53a810541e36f","source":"Invoker","id":"/providers/Microsoft.PowerApps/apis/shared_sharepointonline","tier":"NotSpecified"}},"flowFailureAlertSubscribed":false,"isManaged":false}}