{"schemaVersion":"1.0","appDefinitionTemplate":{"id":"/providers/Microsoft.PowerApps/apps/","type":"Microsoft.PowerApps/apps","tags":{"primaryDeviceWidth":"1366","primaryDeviceHeight":"768","sienaVersion":"20200526T213635Z-3.20051.14.0","deviceCapabilities":"","supportsPortrait":"false","supportsLandscape":"true","primaryFormFactor":"Tablet","publisherVersion":"3.20051.17","minimumRequiredApiVersion":"2.2.0","hasComponent":"false","hasUnlockedComponent":"false","isUnifiedRootApp":"false"},"properties":{"appVersion":"2020-05-26T21:36:35Z","lifeCycleId":"Published","createdByClientVersion":{"major":3,"minor":20051,"build":17,"revision":0,"majorRevision":0,"minorRevision":0},"minClientVersion":{"major":3,"minor":20051,"build":17,"revision":0,"majorRevision":0,"minorRevision":0},"backgroundColor":"rgba(0, 176, 240, 1)","backgroundImageUri":"/7830978255944952811/Ndbce787d-feb1-4516-96b7-7a634a28de20-logoSmallFile","displayName":"Kids Learning App","description":"","commitMessage":"","appUris":{"documentUri":{"value":"/7830978255944952811/N85148c9d-6528-4ec8-8039-58c52c2a7690-document.msapp","readonlyValue":"/7830978255944952811/N85148c9d-6528-4ec8-8039-58c52c2a7690-document.msapp"},"imageUris":[]},"createdTime":"0001-01-01T00:00:00Z","lastModifiedTime":"0001-01-01T00:00:00Z","sharedGroupsCount":0,"sharedUsersCount":0,"icons":{"smallIconUri":"/7830978255944952811/N827660db-90b3-42c6-996f-032ccb19c7ad-small.png","mediumIconUri":"/7830978255944952811/Naa69a2b2-28fb-4d1c-bd74-f55bcdeb6773-medium.png","largeIconUri":"/7830978255944952811/N1b535852-a8d6-4d0c-8858-99800384e207-large.png","wideIconUri":"/7830978255944952811/Nc9a36584-faf5-40e4-8697-389431ebb041-wide.png"},"connectionReferences":{},"databaseReferences":{},"almMode":"Environment","performanceOptimizationEnabled":true,"canConsumeAppPass":true},"isAppComponentLibrary":false,"appType":"ClassicCanvasApp","appComponents":[]}}