{"name":"1215c8f0-968b-4306-87dc-35d79e929f01","id":"/providers/Microsoft.Flow/flows/1215c8f0-968b-4306-87dc-35d79e929f01","type":"Microsoft.Flow/flows","properties":{"apiId":"/providers/Microsoft.PowerApps/apis/shared_logicflows","displayName":"UploadFiles","definition":{"metadata":{"workflowEntityId":null,"flowclientsuspensionreason":"None","flowclientsuspensiontime":null,"creator":{"id":"bb78b6cb-1737-4234-a136-b51f910f7279","type":"User","tenantId":"dfbc606c-719f-4d07-8482-3261e955e3a2"},"provisioningMethod":"FromDefinition","failureAlertSubscription":true,"clientLastModifiedTime":"2021-04-07T18:46:31.7718373Z","processAdvisorMetadata":null,"flowclientsuspensionreasondetails":null},"$schema":"https://schema.management.azure.com/providers/Microsoft.Logic/schemas/2016-06-01/workflowdefinition.json#","contentVersion":"1.0.0.0","parameters":{"$connections":{"defaultValue":{},"type":"Object"},"$authentication":{"defaultValue":{},"type":"SecureObject"}},"triggers":{"manual":{"type":"Request","kind":"PowerApp","inputs":{"schema":{"type":"object","properties":{"DocumentsCollection_Value":{"type":"string","description":"Enter initial value","x-ms-powerflows-param-ispartial":false}},"required":["DocumentsCollection_Value"]}}}},"actions":{"DocumentsCollection":{"runAfter":{},"type":"InitializeVariable","inputs":{"variables":[{"name":"VarDocuments","type":"string","value":"@{triggerBody()['DocumentsCollection_Value']}"}]}},"Parse_JSON":{"runAfter":{"DocumentsCollection":["Succeeded"]},"type":"ParseJson","inputs":{"content":"@variables('VarDocuments')","schema":{"type":"array","items":{"type":"object","properties":{"Title":{"type":"string"},"DataStream":{"type":"string"},"Path":{"type":"string"}},"required":["Title","DataStream","Path"]}}}},"Apply_to_each":{"foreach":"@body('Parse_JSON')","actions":{"Create_file":{"runAfter":{"Compose":["Succeeded"]},"type":"OpenApiConnection","inputs":{"host":{"apiId":"/providers/Microsoft.PowerApps/apis/shared_sharepointonline","connectionName":"shared_sharepointonline","operationId":"CreateFile"},"parameters":{"dataset":"https://deepakdemo.sharepoint.com/","folderPath":"@items('Apply_to_each')['Path']","name":"@items('Apply_to_each')['Title']","body":"@dataUriToBinary(items('Apply_to_each')['DataStream'])"},"authentication":{"value":"@json(decodeBase64(triggerOutputs().headers['X-MS-APIM-Tokens']))['$ConnectionKey']","type":"Raw"}},"operationOptions":"DisableAsyncPattern","runtimeConfiguration":{"contentTransfer":{"transferMode":"Chunked"}}},"Update_file_properties":{"runAfter":{"Create_file":["Succeeded"]},"type":"OpenApiConnection","inputs":{"host":{"apiId":"/providers/Microsoft.PowerApps/apis/shared_sharepointonline","connectionName":"shared_sharepointonline","operationId":"PatchFileItem"},"parameters":{"dataset":"https://deepakdemo.sharepoint.com/","table":"604e666c-ca7b-4d1d-bf68-8fd20574d427","id":"@outputs('Create_file')?['body/ItemId']","item/Path":"@items('Apply_to_each')['Path']"},"authentication":{"value":"@json(decodeBase64(triggerOutputs().headers['X-MS-APIM-Tokens']))['$ConnectionKey']","type":"Raw"}},"operationOptions":"DisableAsyncPattern"},"Compose":{"runAfter":{},"type":"Compose","inputs":"@dataUriToBinary(items('Apply_to_each')['DataStream'])['$content']"}},"runAfter":{"Parse_JSON":["Succeeded"]},"type":"Foreach"},"Respond_to_a_PowerApp_or_flow":{"runAfter":{"Apply_to_each":["Succeeded"]},"type":"Response","kind":"PowerApp","inputs":{"statusCode":200,"body":{"completed":"true"},"schema":{"type":"object","properties":{"completed":{"title":"Completed","x-ms-dynamically-added":true,"type":"boolean"}}}}}},"outputs":{},"description":"Click PowerApps button to start approvals for SharePoint list items, send email for approval and rejection of requests and update the SharePoint list item. The SharePoint list must have the columns: Title and DateSubmitted."},"connectionReferences":{"shared_sharepointonline":{"connectionName":"shared-sharepointonl-f253ae29-6330-4125-8964-d724f98327d2","source":"Invoker","id":"/providers/Microsoft.PowerApps/apis/shared_sharepointonline","tier":"NotSpecified"}},"flowFailureAlertSubscribed":false,"isManaged":false}}