{"name":"dcf18720-38da-4e1e-8f13-7f01d684c290","id":"/providers/Microsoft.Flow/flows/dcf18720-38da-4e1e-8f13-7f01d684c290","type":"Microsoft.Flow/flows","properties":{"apiId":"/providers/Microsoft.PowerApps/apis/shared_logicflows","displayName":"Save SiteTemplate","definition":{"metadata":{"workflowEntityId":null,"processAdvisorMetadata":null,"flowclientsuspensionreason":"None","flowclientsuspensiontime":null,"creator":{"id":"bb78b6cb-1737-4234-a136-b51f910f7279","type":"User","tenantId":"dfbc606c-719f-4d07-8482-3261e955e3a2"},"provisioningMethod":"FromDefinition","failureAlertSubscription":true,"clientLastModifiedTime":"2022-03-31T20:26:17.359565Z","flowclientsuspensionreasondetails":null},"$schema":"https://schema.management.azure.com/providers/Microsoft.Logic/schemas/2016-06-01/workflowdefinition.json#","contentVersion":"1.0.0.0","parameters":{"$connections":{"defaultValue":{},"type":"Object"},"$authentication":{"defaultValue":{},"type":"SecureObject"}},"triggers":{"manual":{"metadata":{"operationMetadataId":"5f320d39-57ce-4c32-9a64-09c59788bfe3"},"type":"Request","kind":"Button","inputs":{"schema":{"type":"object","properties":{},"required":[]}}}},"actions":{"Getsitescript":{"runAfter":{"Compose":["Succeeded"]},"metadata":{"operationMetadataId":"e3b8833c-192f-4dde-8b61-d270f31b1a5f"},"type":"OpenApiConnection","inputs":{"host":{"apiId":"/providers/Microsoft.PowerApps/apis/shared_sharepointonline","connectionName":"shared_sharepointonline","operationId":"HttpRequest"},"parameters":{"dataset":"https://deepakdemo.sharepoint.com/sites/SampleDesignSite1","parameters/method":"POST","parameters/uri":"/_api/Microsoft.SharePoint.Utilities.WebTemplateExtensions.SiteScriptUtility.GetSiteScriptFromWeb","parameters/headers":{"accept":"application/json;odata=verbose"},"parameters/body":"{\"webUrl\":\"https://deepakdemo.sharepoint.com/sites/SampleDesignSite1/\",\n\"info\":{ \n      \"IncludeBranding\":true,\n      \"IncludedLists\":@{outputs('Compose')},\n      \"IncludeRegionalSettings\":true,\n      \"IncludeSiteExternalSharingCapability\":true,\n      \"IncludeTheme\":true,\n      \"IncludeLinksToExportedItems\":true\n   }\n}"},"authentication":{"value":"@json(decodeBase64(triggerOutputs().headers['X-MS-APIM-Tokens']))['$ConnectionKey']","type":"Raw"}}},"Parse_JSON":{"runAfter":{"Getsitescript":["Succeeded"]},"metadata":{"operationMetadataId":"8feb763c-5829-4492-ad6e-5a6cd20af022"},"type":"ParseJson","inputs":{"content":"@body('Getsitescript')?['d']?['GetSiteScriptFromWeb']?['JSON']","schema":{}}},"Get_all_lists_and_libraries":{"runAfter":{"Initialize_variable":["Succeeded"]},"metadata":{"operationMetadataId":"b0579c1b-5b3a-4da0-beaa-101a288566a3"},"type":"OpenApiConnection","inputs":{"host":{"apiId":"/providers/Microsoft.PowerApps/apis/shared_sharepointonline","connectionName":"shared_sharepointonline","operationId":"GetAllTables"},"parameters":{"dataset":"https://deepakdemo.sharepoint.com/sites/DeepakTech"},"authentication":{"value":"@json(decodeBase64(triggerOutputs().headers['X-MS-APIM-Tokens']))['$ConnectionKey']","type":"Raw"}}},"Initialize_variable":{"runAfter":{},"metadata":{"operationMetadataId":"5e1a5fe0-ff12-4490-945b-b074e18e3f8c"},"type":"InitializeVariable","inputs":{"variables":[{"name":"Lists","type":"array"}]}},"Apply_to_each":{"foreach":"@outputs('Get_all_lists_and_libraries')?['body/value']","actions":{"Condition":{"actions":{"List":{"runAfter":{},"metadata":{"operationMetadataId":"78f0d2b3-a8c9-4596-b499-94475817233e"},"type":"AppendToArrayVariable","inputs":{"name":"Lists","value":"@concat('Lists/',items('Apply_to_each')?['DisplayName'])"}}},"runAfter":{},"else":{"actions":{"Library":{"runAfter":{},"metadata":{"operationMetadataId":"7b2ded8c-1324-413a-b7d7-2e3f06a51f3a"},"type":"AppendToArrayVariable","inputs":{"name":"Lists","value":"@concat('/',if(equals(items('Apply_to_each')?['DisplayName'],'Documents'),'Shared Documents', items('Apply_to_each')?['DisplayName']))"}}}},"expression":{"equals":["@items('Apply_to_each')?['Type']","@string(100)"]},"metadata":{"operationMetadataId":"cfa92280-fe3f-43bc-9960-d4a6e7c0544a"},"type":"If"}},"runAfter":{"Get_all_lists_and_libraries":["Succeeded"]},"metadata":{"operationMetadataId":"844ea1b5-07a4-406e-a574-2852a0325b8b"},"type":"Foreach"},"Compose":{"runAfter":{"Apply_to_each":["Succeeded"]},"metadata":{"operationMetadataId":"a59a1672-98bf-4195-aa7c-d1221310b335"},"type":"Compose","inputs":"@variables('Lists')"},"CreateSiteDesign":{"runAfter":{"CreateSiteScript":["Succeeded"]},"metadata":{"operationMetadataId":"036ba02d-2623-4346-adee-860b5986b1b2"},"type":"OpenApiConnection","inputs":{"host":{"apiId":"/providers/Microsoft.PowerApps/apis/shared_sharepointonline","connectionName":"shared_sharepointonline","operationId":"HttpRequest"},"parameters":{"dataset":"https://deepakdemo.sharepoint.com/sites/SampleDesignSite1","parameters/method":"POST","parameters/uri":"/_api/Microsoft.SharePoint.Utilities.WebTemplateExtensions.SiteScriptUtility.CreateSiteDesign","parameters/headers":{"accept":"application/json;odata=verbose"},"parameters/body":"{ \"info\":{\n    \"Title\":\"Custom Department Template\",\n    \"Description\":\"Department site theme\",\n    \"SiteScriptIds\":[\"@{body('CreateSiteScript')?['Id']}\"],\n    \"WebTemplate\":\"68\",\n    \"PreviewImageUrl\": \"\",\n    \"PreviewImageAltText\": \"Custom Department Site Template\"\n}}"},"authentication":{"value":"@json(decodeBase64(triggerOutputs().headers['X-MS-APIM-Tokens']))['$ConnectionKey']","type":"Raw"}}},"Create_item":{"runAfter":{"CreateSiteDesign":["Succeeded"]},"metadata":{"operationMetadataId":"f1d6f6b9-ae5c-42d3-b804-0746a6a208f3"},"type":"OpenApiConnection","inputs":{"host":{"apiId":"/providers/Microsoft.PowerApps/apis/shared_sharepointonline","connectionName":"shared_sharepointonline","operationId":"PostItem"},"parameters":{"dataset":"https://deepakdemo.sharepoint.com/sites/CompanyPortal","table":"35741acf-48fb-4cc5-b53b-5314c81013ed","item/Title":"Department Site Temaplate","item/SiteScriptID":"@body('CreateSiteScript')?['Id']","item/TemplateID":"@body('CreateSiteDesign')?['d']?['CreateSiteDesign']?['Id']"},"authentication":{"value":"@json(decodeBase64(triggerOutputs().headers['X-MS-APIM-Tokens']))['$ConnectionKey']","type":"Raw"}}},"CreateSiteScript":{"runAfter":{"Parse_JSON":["Succeeded"]},"metadata":{"operationMetadataId":"49533813-a855-468d-9c1b-925e8aada77c"},"type":"OpenApiConnection","inputs":{"host":{"apiId":"/providers/Microsoft.PowerApps/apis/shared_sharepointonline","connectionName":"shared_sharepointonline","operationId":"HttpRequest"},"parameters":{"dataset":"https://deepakdemo.sharepoint.com/","parameters/method":"POST","parameters/uri":"/_api/Microsoft.SharePoint.Utilities.WebTemplateExtensions.SiteScriptUtility.CreateSiteScript(Title=@title)?@title='My custom site script'","parameters/headers":{"Content-Type":"application/json;charset=utf-8","ACCEPT":"application/json; odata.metadata=minimal","x-requestdigest":"_spPageContextInfo.formDigestValue","ODATA-VERSION":"4.0"},"parameters/body":"@body('Parse_JSON')"},"authentication":{"value":"@json(decodeBase64(triggerOutputs().headers['X-MS-APIM-Tokens']))['$ConnectionKey']","type":"Raw"}}}}},"connectionReferences":{"shared_sharepointonline":{"connectionName":"e777b1e60d424781a584f144c74757ab","source":"Invoker","id":"/providers/Microsoft.PowerApps/apis/shared_sharepointonline","tier":"NotSpecified"}},"flowFailureAlertSubscribed":false,"isManaged":false}}