{"name":"b52c2a7f-f415-4614-87b3-aa6774e88270","id":"/providers/Microsoft.Flow/flows/b52c2a7f-f415-4614-87b3-aa6774e88270","type":"Microsoft.Flow/flows","properties":{"apiId":"/providers/Microsoft.PowerApps/apis/shared_logicflows","displayName":"SPPermissionFlow","definition":{"metadata":{"workflowEntityId":null,"processAdvisorMetadata":null,"flowclientsuspensionreason":"None","flowclientsuspensiontime":null,"flowclientsuspensionreasondetails":null,"creator":{"id":"bb78b6cb-1737-4234-a136-b51f910f7279","type":"User","tenantId":"dfbc606c-719f-4d07-8482-3261e955e3a2"},"provisioningMethod":"FromDefinition","failureAlertSubscription":true,"clientLastModifiedTime":"2022-07-20T22:35:11.7807223Z"},"$schema":"https://schema.management.azure.com/providers/Microsoft.Logic/schemas/2016-06-01/workflowdefinition.json#","contentVersion":"1.0.0.0","parameters":{"$connections":{"defaultValue":{},"type":"Object"},"$authentication":{"defaultValue":{},"type":"SecureObject"}},"triggers":{"manual":{"metadata":{"operationMetadataId":"e5144e15-a1a3-4d9c-95d2-ebd7b41b9434"},"type":"Request","kind":"PowerApp","inputs":{"schema":{"type":"object","properties":{"RequestType_Inputs":{"type":"any","description":"Inputs","x-ms-powerflows-param-ispartial":false},"GroupId_Inputs":{"type":"any","description":"Inputs","x-ms-powerflows-param-ispartial":false}},"required":["RequestType_Inputs","GroupId_Inputs"]}}}},"actions":{"RequestType":{"runAfter":{},"metadata":{"operationMetadataId":"b9fb8dc3-6a80-48c9-834b-16d7673416a5"},"type":"Compose","inputs":"@triggerBody()['RequestType_Inputs']"},"Condition":{"actions":{"Send_an_HTTP_request_to_SharePoint":{"runAfter":{},"metadata":{"operationMetadataId":"92cee8dc-99b2-441b-82eb-998feede5c68"},"type":"OpenApiConnection","inputs":{"host":{"apiId":"/providers/Microsoft.PowerApps/apis/shared_sharepointonline","connectionName":"shared_sharepointonline","operationId":"HttpRequest"},"parameters":{"dataset":"https://deepakdemo.sharepoint.com","parameters/method":"GET","parameters/uri":"/_api/web/sitegroups"},"authentication":{"value":"@json(decodeBase64(triggerOutputs().headers['X-MS-APIM-Tokens']))['$ConnectionKey']","type":"Raw"}}},"Select":{"runAfter":{"Send_an_HTTP_request_to_SharePoint":["Succeeded"]},"metadata":{"operationMetadataId":"c6e42fad-fb38-4acd-ad5d-840e7c025d21"},"type":"Select","inputs":{"from":"@body('Send_an_HTTP_request_to_SharePoint')?['d']?['results']","select":{"Id":"@item()?['Id']","Title":"@item()?['Title']","Description":"@{if(empty(item()?['Description']),'',item()?['Description'])}@{item()?['Description']}","UsersLink":"@item()?['Users']?['__deferred']?['uri']","OwnerTitle":"@item()?['OwnerTitle']"}}},"Respond_to_a_PowerApp_or_flow":{"runAfter":{"Select":["Succeeded"]},"metadata":{"operationMetadataId":"d15c49a1-4c19-483c-800d-296cab241202"},"type":"Response","kind":"PowerApp","inputs":{"statusCode":200,"body":{"results":"@{body('Select')}"},"schema":{"type":"object","properties":{"results":{"title":"Results","x-ms-dynamically-added":true,"type":"string"}}}}}},"runAfter":{"GroupId":["Succeeded"]},"else":{"actions":{"Send_an_HTTP_request_to_SharePoint_2":{"runAfter":{},"metadata":{"operationMetadataId":"92cee8dc-99b2-441b-82eb-998feede5c68"},"type":"OpenApiConnection","inputs":{"host":{"apiId":"/providers/Microsoft.PowerApps/apis/shared_sharepointonline","connectionName":"shared_sharepointonline","operationId":"HttpRequest"},"parameters":{"dataset":"https://deepakdemo.sharepoint.com","parameters/method":"GET","parameters/uri":"/_api/web/sitegroups/getbyid('@{outputs('GroupId')}')/users"},"authentication":{"value":"@json(decodeBase64(triggerOutputs().headers['X-MS-APIM-Tokens']))['$ConnectionKey']","type":"Raw"}}},"Users":{"runAfter":{"Send_an_HTTP_request_to_SharePoint_2":["Succeeded"]},"metadata":{"operationMetadataId":"c6e42fad-fb38-4acd-ad5d-840e7c025d21"},"type":"Select","inputs":{"from":"@body('Send_an_HTTP_request_to_SharePoint_2')?['d']?['results']","select":{"Id":"@item()?['Id']","Title":"@item()?['Title']","Email":"@item()?['Email']"}}},"Respond_to_a_PowerApp_or_flow_2":{"runAfter":{"Users":["Succeeded"]},"metadata":{"operationMetadataId":"d3e8b355-675c-40d4-bd4e-4f58727b5afb"},"type":"Response","kind":"PowerApp","inputs":{"statusCode":200,"body":{"results":"@{body('Users')}"},"schema":{"type":"object","properties":{"results":{"title":"Results","x-ms-dynamically-added":true,"type":"string"}}}}}}},"expression":{"equals":["@outputs('RequestType')","Groups"]},"metadata":{"operationMetadataId":"77aca89c-606c-49e1-a2c3-1dcf7b7112b8"},"type":"If"},"GroupId":{"runAfter":{"RequestType":["Succeeded"]},"metadata":{"operationMetadataId":"9afa521d-772c-45af-b97f-8d0b12f7ee9f"},"type":"Compose","inputs":"@triggerBody()['GroupId_Inputs']"}}},"connectionReferences":{"shared_sharepointonline":{"connectionName":"e777b1e60d424781a584f144c74757ab","source":"Invoker","id":"/providers/Microsoft.PowerApps/apis/shared_sharepointonline","tier":"NotSpecified"}},"flowFailureAlertSubscribed":false,"isManaged":false}}