{"schemaVersion":"1.0","appDefinitionTemplate":{"id":"/providers/Microsoft.PowerApps/apps/","type":"Microsoft.PowerApps/apps","tags":{"primaryDeviceWidth":"1366","primaryDeviceHeight":"768","supportsPortrait":"true","supportsLandscape":"true","primaryFormFactor":"Tablet","publisherVersion":"3.24024.18","minimumRequiredApiVersion":"2.2.0","hasComponent":"true","hasUnlockedComponent":"true","isUnifiedRootApp":"false","sienaVersion":"20240318T170440Z-3.24024.18.0","showStatusBar":"false","offlineLargeFilesSupport":"false"},"properties":{"appVersion":"2024-03-18T17:04:40Z","lifeCycleId":"Published","createdByClientVersion":{"major":3,"minor":24024,"build":18,"revision":0,"majorRevision":0,"minorRevision":0},"minClientVersion":{"major":3,"minor":24024,"build":18,"revision":0,"majorRevision":0,"minorRevision":0},"backgroundColor":"RGBA(0,176,240,1)","backgroundImageUri":"/5677620846231611381/N2642f781-f2f0-48cb-8013-0b9d6e2e6ef3-logoSmallFile","displayName":"Paginated Gallery - 2024","description":"","commitMessage":"","appUris":{"documentUri":{"value":"/5677620846231611381/N5031ef89-08c3-485d-ba11-c0360165654f-document.msapp"},"imageUris":[],"additionalUris":[{"isSolutionAware":false,"value":"/5677620846231611381/N00af7c91-131f-49cb-a72b-d5be61594efb-identity.json"}]},"createdTime":"0001-01-01T00:00:00Z","lastModifiedTime":"0001-01-01T00:00:00Z","sharedGroupsCount":0,"sharedUsersCount":0,"connectionReferences":{"9c9c42e0-970e-4d48-8147-af2679d254d2":{"id":"b67f338d-1607-4588-871b-f73782b6067f","displayName":"SharePoint","iconUri":"https://connectoricons-prod.azureedge.net/releases/v1.0.1676/1.0.1676.3617/sharepointonline/icon.png","dataSources":[],"dependencies":[],"dependents":["fc7773db-5ee1-4f0e-9b19-c114ccd64ebf"],"parameterHints":{},"parameterHintsV2":{},"isOnPremiseConnection":false,"bypassConsent":false,"dataSets":{},"apiTier":"Standard","isCustomApiConnection":false},"fc7773db-5ee1-4f0e-9b19-c114ccd64ebf":{"id":"0924eb01-67da-4ef9-8ad4-e8e9e6ec0d6d","displayName":"Logic flows","iconUri":"https://connectoricons-prod.azureedge.net/releases/v1.0.1680/1.0.1680.3652/logicflows/icon.png","dataSources":["GetSPListItems"],"dependencies":["9c9c42e0-970e-4d48-8147-af2679d254d2"],"dependents":[],"parameterHints":{"workflowName":{"value":"085ca3df-eae5-4eaf-a874-b5cb53cf6044"},"workflowEntityId":{},"workflowDisplayName":{"value":"GetSPListItems"},"9c9c42e0-970e-4d48-8147-af2679d254d2":{"value":"shared_sharepointonline"}},"parameterHintsV2":{"workflowName":{"value":"085ca3df-eae5-4eaf-a874-b5cb53cf6044"},"workflowEntityId":{},"workflowDisplayName":{"value":"GetSPListItems"},"shared_sharepointonline":{"value":"9c9c42e0-970e-4d48-8147-af2679d254d2"}},"isOnPremiseConnection":false,"bypassConsent":false,"dataSets":{},"apiTier":"Standard","isCustomApiConnection":false,"actions":["Run"],"nestedActions":[{"id":"/providers/Microsoft.PowerApps/apis/shared_sharepointonline/apiOperations/HttpRequest","apiName":"SharePoint","actionName":"HttpRequest","referencedResources":[{"key":"site","value":"https://deepakdemo.sharepoint.com"}]},{"id":"/providers/Microsoft.PowerApps/apis/shared_sharepointonline/apiOperations/GetItems","apiName":"SharePoint","actionName":"GetItems","referencedResources":[{"key":"site","value":"https://deepakdemo.sharepoint.com"},{"key":"list","value":"05840ddb-2a71-4c08-b2ab-aea67ef6eb02"}]}]}},"databaseReferences":{},"almMode":"Environment","performanceOptimizationEnabled":true,"canConsumeAppPass":true,"enableModernRuntimeMode":false,"executionRestrictions":{"isTeamsOnly":false,"dataLossPreventionEvaluationResult":{"status":"Compliant","lastEvaluationDate":"2024-03-18T17:04:44.5273112Z","violations":[],"violationsByPolicy":[],"violationErrorMessage":"The app uses the following connectors: shared_sharepointonline, shared_logicflows."},"httpActionRestriction":{"appUsesSharepointHttpAction":true,"enforcementStrategy":"Legacy","evaluationTime":"2024-03-18T17:04:44.5272214Z"}}},"appType":"ClassicCanvasApp","appComponents":[]}}