{"schemaVersion":"1.0","appDefinitionTemplate":{"id":"/providers/Microsoft.PowerApps/apps/","type":"Microsoft.PowerApps/apps","tags":{"primaryDeviceWidth":"1366","primaryDeviceHeight":"768","sienaVersion":"20200714T035817Z-3.20064.23.0","deviceCapabilities":"","supportsPortrait":"false","supportsLandscape":"true","primaryFormFactor":"Tablet","publisherVersion":"3.20064.23","minimumRequiredApiVersion":"2.2.0","hasComponent":"true","hasUnlockedComponent":"true","isUnifiedRootApp":"false"},"properties":{"appVersion":"2020-07-14T03:58:17Z","lifeCycleId":"Published","createdByClientVersion":{"major":3,"minor":20064,"build":23,"revision":0,"majorRevision":0,"minorRevision":0},"minClientVersion":{"major":3,"minor":20064,"build":23,"revision":0,"majorRevision":0,"minorRevision":0},"backgroundColor":"rgba(0, 176, 240, 1)","backgroundImageUri":"/10181933270606414157/N7d78106a-feca-4ee5-b7a2-bb6066bd73d2-logoSmallFile","displayName":"Kids Learning App V1","description":"","commitMessage":"","appUris":{"documentUri":{"value":"/10181933270606414157/Naad9236d-87f6-4605-8589-b043c93af341-document.msapp","readonlyValue":"/10181933270606414157/Naad9236d-87f6-4605-8589-b043c93af341-document.msapp"},"imageUris":[]},"createdTime":"0001-01-01T00:00:00Z","lastModifiedTime":"0001-01-01T00:00:00Z","sharedGroupsCount":0,"sharedUsersCount":0,"icons":{"smallIconUri":"/10181933270606414157/N15444515-36d3-486e-8d09-1c061f6cadda-small.png","mediumIconUri":"/10181933270606414157/Na709c0cb-188c-4fa0-8f08-f0b51e98feec-medium.png","largeIconUri":"/10181933270606414157/Ncb3b3d94-18db-48a1-b038-b42b5956f71f-large.png","wideIconUri":"/10181933270606414157/N6a71e1b1-aceb-4ba0-9c40-5bcbfdda66b7-wide.png"},"connectionReferences":{},"databaseReferences":{},"almMode":"Environment","performanceOptimizationEnabled":true,"canConsumeAppPass":true},"isAppComponentLibrary":false,"appType":"ClassicCanvasApp","appComponents":[]}}