{"name":"e2784c0b-8485-4ef5-95a0-661c1f4b4d91","id":"/providers/Microsoft.Flow/flows/e2784c0b-8485-4ef5-95a0-661c1f4b4d91","type":"Microsoft.Flow/flows","properties":{"apiId":"/providers/Microsoft.PowerApps/apis/shared_logicflows","displayName":"GetItemCount","definition":{"metadata":{"workflowEntityId":null,"processAdvisorMetadata":null,"flowclientsuspensionreason":"None","flowclientsuspensiontime":null,"creator":{"id":"bb78b6cb-1737-4234-a136-b51f910f7279","type":"User","tenantId":"dfbc606c-719f-4d07-8482-3261e955e3a2"},"provisioningMethod":"FromDefinition","failureAlertSubscription":true,"clientLastModifiedTime":"2022-05-10T00:05:05.6256716Z","flowclientsuspensionreasondetails":null},"$schema":"https://schema.management.azure.com/providers/Microsoft.Logic/schemas/2016-06-01/workflowdefinition.json#","contentVersion":"1.0.0.0","parameters":{"$connections":{"defaultValue":{},"type":"Object"},"$authentication":{"defaultValue":{},"type":"SecureObject"}},"triggers":{"manual":{"metadata":{"operationMetadataId":"0be08c05-4c68-45af-b5d8-b6c4f044e8d6"},"type":"Request","kind":"PowerApp","inputs":{"schema":{"type":"object","properties":{"ListName_Inputs":{"type":"any","description":"Inputs","x-ms-powerflows-param-ispartial":false},"MaxItemID_Inputs":{"type":"any","description":"Inputs","x-ms-powerflows-param-ispartial":false},"PageSize_Inputs":{"type":"any","description":"Inputs","x-ms-powerflows-param-ispartial":false}},"required":["ListName_Inputs","MaxItemID_Inputs","PageSize_Inputs"]}}}},"actions":{"ListName":{"runAfter":{},"metadata":{"operationMetadataId":"addd4a65-b53f-44c5-80b8-05318c692391"},"type":"Compose","inputs":"@triggerBody()['ListName_Inputs']"},"Get_items":{"runAfter":{"Compose_4":["Succeeded"]},"metadata":{"operationMetadataId":"7e724140-a423-4554-8198-affa490c3319"},"type":"OpenApiConnection","inputs":{"host":{"apiId":"/providers/Microsoft.PowerApps/apis/shared_sharepointonline","connectionName":"shared_sharepointonline","operationId":"GetItems"},"parameters":{"dataset":"https://deepakdemo.sharepoint.com/","table":"@outputs('ListName')","$filter":"ID gt @{triggerBody()['MaxItemID_Inputs']}","$top":"@triggerBody()['PageSize_Inputs']"},"authentication":{"value":"@json(decodeBase64(triggerOutputs().headers['X-MS-APIM-Tokens']))['$ConnectionKey']","type":"Raw"}}},"Initialize_variable":{"runAfter":{"PageSize":["Succeeded"]},"metadata":{"operationMetadataId":"a105c490-0b65-46b1-a326-39c514bfe8ab"},"type":"InitializeVariable","inputs":{"variables":[{"name":"Data","type":"string"}]}},"Respond_to_a_PowerApp_or_flow":{"runAfter":{"Select":["Succeeded"]},"metadata":{"operationMetadataId":"eb780ac8-34af-4e55-b90a-0786993f1542"},"type":"Response","kind":"PowerApp","inputs":{"statusCode":200,"body":{"response":"@{body('Select')}","totalitemcount":"@{body('Send_an_HTTP_request_to_SharePoint')?['d']?['ItemCount']}"},"schema":{"type":"object","properties":{"response":{"title":"Response","x-ms-dynamically-added":true,"type":"string"},"totalitemcount":{"title":"totalitemcount","x-ms-dynamically-added":true,"type":"string"}}}}},"MaxItemID":{"runAfter":{"ListName":["Succeeded"]},"metadata":{"operationMetadataId":"29b752c0-9ee1-42c4-9ffa-b53353abc391"},"type":"Compose","inputs":"@triggerBody()['MaxItemID_Inputs']"},"Compose_4":{"runAfter":{"Send_an_HTTP_request_to_SharePoint":["Succeeded"]},"metadata":{"operationMetadataId":"cfce569b-875d-4726-b74f-4c2602684e93"},"type":"Compose","inputs":"@body('Send_an_HTTP_request_to_SharePoint')?['d']?['ItemCount']"},"Select":{"runAfter":{"Get_items":["Succeeded"]},"metadata":{"operationMetadataId":"3cd67891-2ccb-4ead-8948-81f2090dcc92"},"type":"Select","inputs":{"from":"@outputs('Get_items')?['body/value']","select":{"Title":"@item()?['Title']","ID":"@item()?['ID']","ReasonForTravel":"@item()?['ReasonForTravel']","Requester":"@if(equals(item()?['Requester']?['DisplayName'],null),'',item()?['Requester']?['DisplayName'])","Destination":"@item()?['Destination']","TravelStartDate":"@item()?['TravelStartDate']","TravelEndDate":"@item()?['TravelEndDate']","Airline":"@item()?['Airline']?['Value']","EstimatedAirfare":"@item()?['EstimatedAirfare']","EstimatedHotelCost":"@item()?['EstimatedHotelCost']","Approved":"@item()?['Approved']","TravelDuration":"@item()?['TravelDuration']","TestLooklup":"@{if(equals(item()?['TestLooklup']?['Value'],null),'',item()?['TestLooklup']?['Value'])}","Hotel":"@item()?['Hotel']?['Value']"}}},"Send_an_HTTP_request_to_SharePoint":{"runAfter":{"Initialize_variable":["Succeeded"]},"metadata":{"operationMetadataId":"61763faa-b214-46c9-987b-603f23a5bbc6"},"type":"OpenApiConnection","inputs":{"host":{"apiId":"/providers/Microsoft.PowerApps/apis/shared_sharepointonline","connectionName":"shared_sharepointonline","operationId":"HttpRequest"},"parameters":{"dataset":"https://deepakdemo.sharepoint.com/","parameters/method":"GET","parameters/uri":"_api/web/lists/getbytitle('@{outputs('ListName')}')"},"authentication":{"value":"@json(decodeBase64(triggerOutputs().headers['X-MS-APIM-Tokens']))['$ConnectionKey']","type":"Raw"}}},"PageSize":{"runAfter":{"MaxItemID":["Succeeded"]},"metadata":{"operationMetadataId":"24a68896-b478-4814-8bd2-778312c6b351"},"type":"Compose","inputs":"@triggerBody()['PageSize_Inputs']"}}},"connectionReferences":{"shared_sharepointonline":{"connectionName":"e777b1e60d424781a584f144c74757ab","source":"Invoker","id":"/providers/Microsoft.PowerApps/apis/shared_sharepointonline","tier":"NotSpecified"}},"flowFailureAlertSubscribed":false,"isManaged":false}}