{"schemaVersion":"1.0","appDefinitionTemplate":{"id":"/providers/Microsoft.PowerApps/apps/","type":"Microsoft.PowerApps/apps","tags":{"primaryDeviceWidth":"1366","primaryDeviceHeight":"768","sienaVersion":"20230312T052142Z-3.23023.21.0","deviceCapabilities":"","supportsPortrait":"true","supportsLandscape":"true","primaryFormFactor":"Tablet","publisherVersion":"3.23023.21","minimumRequiredApiVersion":"2.2.0","hasComponent":"true","hasUnlockedComponent":"false","isUnifiedRootApp":"false"},"properties":{"appVersion":"2023-03-12T05:21:42Z","lifeCycleId":"Published","createdByClientVersion":{"major":3,"minor":23023,"build":21,"revision":0,"majorRevision":0,"minorRevision":0},"minClientVersion":{"major":3,"minor":23023,"build":21,"revision":0,"majorRevision":0,"minorRevision":0},"backgroundColor":"rgba(0, 176, 240, 1)","backgroundImageUri":"/9716143790986012128/Nea3af632-e9e7-430f-af96-460c1872046d-logoSmallFile","displayName":"PowerAppsCalendar","description":"","commitMessage":"","appUris":{"documentUri":{"value":"/9716143790986012128/Ncbd25a79-54df-411a-af61-92afa86d2e23-document.msapp"},"imageUris":[],"additionalUris":[]},"createdTime":"0001-01-01T00:00:00Z","lastModifiedTime":"0001-01-01T00:00:00Z","sharedGroupsCount":0,"sharedUsersCount":0,"connectionReferences":{"1a059560-dedf-4559-adfd-df80ddf20b11":{"id":"b67f338d-1607-4588-871b-f73782b6067f","displayName":"SharePoint","iconUri":"https://connectoricons-prod.azureedge.net/u/juanq/gateway/greyhound/3000.150.11/1.0.1613.3116/sharepointonline/icon.png","dataSources":["Work progress tracker"],"dependencies":[],"dependents":[],"parameterHints":{},"parameterHintsV2":{},"isOnPremiseConnection":false,"bypassConsent":false,"dataSets":{"https://deepakdemo.sharepoint.com/":{"dataSources":{"Work progress tracker":{"tableName":"a8b2731c-bcbf-4e2b-b396-d2990d6d232b"}}}},"apiTier":"Standard","isCustomApiConnection":false,"actions":["providers/PowerPlatform.Governance/Operations/Read","providers/PowerPlatform.Governance/Operations/Write"]},"ee6ff58c-116b-4501-8a31-d46a222c9de8":{"id":"0f82d8c1-ea3c-4a4b-b58a-223211688291","displayName":"Office 365 Users","iconUri":"https://connectoricons-prod.azureedge.net/releases/v1.0.1618/1.0.1618.3179/office365users/icon.png","dataSources":["Office365Users"],"dependencies":[],"dependents":[],"parameterHints":{},"parameterHintsV2":{},"isOnPremiseConnection":false,"bypassConsent":false,"dataSets":{},"apiTier":"Standard","isCustomApiConnection":false},"4a53ac59-6f2e-42f6-bd05-f0deeefc5b34":{"id":"6f40dca6-2e8b-41c2-bf6c-05529e02a1d3","displayName":"Office 365 Outlook","iconUri":"https://connectoricons-prod.azureedge.net/releases/v1.0.1618/1.0.1618.3179/office365/icon.png","dataSources":["Office365Outlook"],"dependencies":[],"dependents":[],"parameterHints":{},"parameterHintsV2":{},"isOnPremiseConnection":false,"bypassConsent":false,"dataSets":{},"apiTier":"Standard","isCustomApiConnection":false}},"databaseReferences":{},"almMode":"Environment","performanceOptimizationEnabled":true,"canConsumeAppPass":true,"enableModernRuntimeMode":false,"executionRestrictions":{"isTeamsOnly":false,"dataLossPreventionEvaluationResult":{"status":"Compliant","lastEvaluationDate":"2022-01-10T23:37:49.7644868Z","violations":[],"violationsByPolicy":[],"violationErrorMessage":"The app uses the following connectors: shared_sharepointonline, shared_office365users, shared_office365, shared_faceapi, shared_approvals."}}},"appType":"ClassicCanvasApp","appComponents":[]}}